<?xml version="1.0" encoding="UTF-8" standalone="yes"?>
<PriInfo>
	<ResourceMap name="Microsoft.UI.Xaml" version="1.0" primary="true">
		<Qualifiers/>
		<ResourceMapSubtree name="Files">
			<ResourceMapSubtree name="Microsoft.UI.Xaml">
				<ResourceMapSubtree name="DensityStyles">
					<NamedResource name="Compact.xbf" uri="ms-resource://Microsoft.UI.Xaml/Files/Microsoft.UI.Xaml/DensityStyles/Compact.xbf">
						<Candidate type="EmbeddedData">
							<Base64Value>[Embedded Binary Data]</Base64Value>
						</Candidate>
					</NamedResource>
				</ResourceMapSubtree>
			</ResourceMapSubtree>
		</ResourceMapSubtree>
	</ResourceMap>
</PriInfo>