﻿<?xml version="1.0" encoding="utf-8"?>
<Roots >
  <Roots.PropertyPathNames>
    <RootPropertyPathName Name="PlaceholderForeground" />
  </Roots.PropertyPathNames>
  <Roots.RootTypes>
    <RootType FullName="Windows.UI.Xaml.Application">
      <RootProperty Name="Resources" />
    </RootType>
    <RootType FullName="Microsoft.UI.Xaml.Controls.XamlControlsResources" />
    <RootType FullName="Windows.UI.Xaml.Controls.Page">
      <RootProperty Name="Resources" />
      <RootProperty Name="Content" />
    </RootType>
    <RootType FullName="Microsoft.UI.Xaml.Controls.BackdropMaterial">
      <RootMethod Name="GetApplyToRootOrPageBackground" />
      <RootMethod Name="SetApplyToRootOrPageBackground" />
    </RootType>
    <RootType FullName="Windows.UI.Xaml.CornerRadius" />
    <RootType FullName="Windows.UI.Xaml.Controls.TextBox">
      <RootProperty Name="SelectionHighlightColor" />
      <RootProperty Name="SelectionFlyout" />
      <RootProperty Name="Style" />
      <RootProperty Name="Text" />
      <RootProperty Name="TextWrapping" />
      <RootProperty Name="CornerRadius" />
      <RootProperty Name="Padding" />
      <RootProperty Name="Margin" />
      <RootProperty Name="AcceptsReturn" />
      <RootProperty Name="Background" />
      <RootProperty Name="BorderBrush" />
      <RootEvent Name="TextChanged" />
    </RootType>
    <RootType FullName="Windows.UI.Xaml.Controls.Control">
      <RootProperty Name="Foreground" />
      <RootProperty Name="Background" />
      <RootProperty Name="BorderBrush" />
      <RootProperty Name="BorderThickness" />
      <RootProperty Name="FontFamily" />
      <RootProperty Name="FontSize" />
      <RootProperty Name="Padding" />
      <RootProperty Name="UseSystemFocusVisuals" />
      <RootProperty Name="Template" />
      <RootMethod Name="GetIsTemplateFocusTarget" />
      <RootMethod Name="SetIsTemplateFocusTarget" />
    </RootType>
    <RootType FullName="Windows.UI.Xaml.Controls.ScrollViewer">
      <RootProperty Name="HorizontalScrollBarVisibility" />
      <RootProperty Name="HorizontalScrollMode" />
      <RootProperty Name="IsDeferredScrollingEnabled" />
      <RootProperty Name="IsHorizontalRailEnabled" />
      <RootProperty Name="IsTabStop" />
      <RootProperty Name="IsVerticalRailEnabled" />
      <RootProperty Name="Margin" />
      <RootProperty Name="Padding" />
      <RootProperty Name="VerticalScrollMode" />
      <RootProperty Name="VerticalScrollBarVisibility" />
      <RootProperty Name="ZoomMode" />
      <RootMethod Name="GetHorizontalScrollMode" />
      <RootMethod Name="SetHorizontalScrollMode" />
      <RootMethod Name="GetVerticalScrollMode" />
      <RootMethod Name="SetVerticalScrollMode" />
      <RootMethod Name="GetHorizontalScrollBarVisibility" />
      <RootMethod Name="SetHorizontalScrollBarVisibility" />
      <RootMethod Name="GetVerticalScrollBarVisibility" />
      <RootMethod Name="SetVerticalScrollBarVisibility" />
      <RootMethod Name="GetIsDeferredScrollingEnabled" />
      <RootMethod Name="SetIsDeferredScrollingEnabled" />
    </RootType>
    <RootType FullName="Windows.UI.Xaml.UIElement">
      <RootProperty Name="ContextFlyout" />
    </RootType>
    <RootType FullName="Windows.UI.Xaml.Setter">
      <RootProperty Name="Property" />
      <RootProperty Name="Value" />
    </RootType>
    <RootType FullName="Windows.UI.Xaml.Controls.ControlTemplate">
      <RootProperty Name="TargetType" />
      <RootProperty Name="Template" />
    </RootType>
    <RootType FullName="Windows.UI.Xaml.Controls.Grid">
      <RootProperty Name="Resources" />
      <RootProperty Name="ColumnDefinitions" />
      <RootProperty Name="RowDefinitions" />
      <RootProperty Name="Children" />
      <RootProperty Name="Background" />
      <RootProperty Name="BorderThickness" />
      <RootProperty Name="BorderBrush" />
      <RootMethod Name="GetColumnSpan" />
      <RootMethod Name="SetColumnSpan" />
      <RootMethod Name="GetColumn" />
      <RootMethod Name="SetColumn" />
      <RootMethod Name="GetRow" />
      <RootMethod Name="SetRow" />
      <RootMethod Name="GetRowSpan" />
      <RootMethod Name="SetRowSpan" />
    </RootType>
    <RootType FullName="Windows.UI.Xaml.VisualStateManager">
      <RootMethod Name="GetVisualStateGroups" />
    </RootType>
    <RootType FullName="Windows.UI.Xaml.Controls.Button">
      <RootProperty Name="BorderThickness" />
      <RootProperty Name="FontSize" />
      <RootProperty Name="IsTabStop" />
      <RootProperty Name="MinWidth" />
      <RootProperty Name="Margin" />
      <RootProperty Name="Style" />
      <RootProperty Name="VerticalAlignment" />
      <RootProperty Name="Visibility" />
    </RootType>
    <RootType FullName="Microsoft.Xaml.DirectUI.ProxyTypes.ThemeResourceExtension" />
    <RootType FullName="Microsoft.Xaml.DirectUI.ProxyTypes.TemplateBindingExtension" />
    <RootType FullName="Windows.UI.Xaml.VisualStateGroup">
      <RootProperty Name="States" />
    </RootType>
    <RootType FullName="Windows.UI.Xaml.VisualState">
      <RootProperty Name="Storyboard" />
    </RootType>
    <RootType FullName="Windows.UI.Xaml.Media.Animation.Storyboard">
      <RootProperty Name="Children" />
      <RootMethod Name="GetTargetName" />
      <RootMethod Name="SetTargetName" />
      <RootMethod Name="GetTargetProperty" />
      <RootMethod Name="SetTargetProperty" />
    </RootType>
    <RootType FullName="Windows.UI.Xaml.Media.Animation.DoubleAnimation">
      <RootProperty Name="Duration" />
      <RootProperty Name="To" />
    </RootType>
    <RootType FullName="Windows.UI.Xaml.Media.Animation.ObjectAnimationUsingKeyFrames">
      <RootProperty Name="KeyFrames" />
    </RootType>
    <RootType FullName="Windows.UI.Xaml.Media.Animation.DiscreteObjectKeyFrame">
      <RootProperty Name="KeyTime" />
      <RootProperty Name="Value" />
    </RootType>
    <RootType FullName="Windows.UI.Xaml.Controls.TextBlock">
      <RootProperty Name="FontStyle" />
      <RootProperty Name="FontFamily" />
      <RootProperty Name="Foreground" />
      <RootProperty Name="FontSize" />
      <RootProperty Name="HorizontalAlignment" />
      <RootProperty Name="Text" />
      <RootProperty Name="VerticalAlignment" />
      <RootProperty Name="IsHitTestVisible" />
      <RootProperty Name="Margin" />
      <RootProperty Name="Padding" />
      <RootProperty Name="TextWrapping" />
      <RootProperty Name="TextAlignment" />
      <RootProperty Name="Style" />
      <RootProperty Name="Opacity" />
    </RootType>
    <RootType FullName="Windows.UI.Xaml.Automation.AutomationProperties">
      <RootMethod Name="GetAccessibilityView" />
      <RootMethod Name="SetAccessibilityView" />
    </RootType>
    <RootType FullName="Windows.UI.Xaml.Controls.ColumnDefinition">
      <RootProperty Name="Width" />
    </RootType>
    <RootType FullName="Windows.UI.Xaml.Controls.RowDefinition">
      <RootProperty Name="Height" />
    </RootType>
    <RootType FullName="Windows.UI.Xaml.Visibility" />
    <RootType FullName="Windows.UI.Xaml.Data.Binding">
      <RootProperty Name="RelativeSource" />
      <RootProperty Name="TargetNullValue" />
    </RootType>
    <RootType FullName="Windows.UI.Xaml.Data.RelativeSource">
      <RootProperty Name="Mode" />
    </RootType>
    <RootType FullName="Windows.UI.Xaml.Controls.ContentPresenter">
      <RootProperty Name="ContentTemplate" />
      <RootProperty Name="Content" />
      <RootProperty Name="FontWeight" />
      <RootProperty Name="Foreground" />
      <RootProperty Name="Margin" />
      <RootProperty Name="TextWrapping" />
      <RootProperty Name="VerticalAlignment" />
      <RootProperty Name="Visibility" />
    </RootType>
    <RootType FullName="Windows.UI.Xaml.Controls.Border">
      <RootProperty Name="Background" />
      <RootProperty Name="BorderThickness" />
      <RootProperty Name="BorderBrush" />
      <RootProperty Name="CornerRadius" />
      <RootProperty Name="MinHeight" />
      <RootProperty Name="MinWidth" />
      <RootProperty Name="IsHitTestVisible" />
      <RootProperty Name="VerticalAlignment" />
      <RootProperty Name="Height" />
      <RootProperty Name="Child" />
    </RootType>
    <RootType FullName="Microsoft.Xaml.DirectUI.ProxyTypes.StaticResourceExtension" />
    <RootType FullName="Microsoft.UI.Xaml.Controls.NavigationView">
      <RootProperty Name="PaneDisplayMode" />
      <RootProperty Name="IsBackButtonVisible" />
      <RootProperty Name="IsSettingsVisible" />
      <RootProperty Name="Content" />
      <RootEvent Name="DisplayModeChanged" />
    </RootType>
    <RootType FullName="Windows.UI.Xaml.Controls.MenuBar">
      <RootProperty Name="Width" />
      <RootProperty Name="Margin" />
      <RootProperty Name="FontSize" />
      <RootProperty Name="FontWeight" />
      <RootProperty Name="Height" />
      <RootProperty Name="VerticalAlignment" />
      <RootProperty Name="HorizontalAlignment" />
      <RootProperty Name="Items" />
    </RootType>
    <RootType FullName="Windows.UI.Xaml.Controls.MenuBarItem">
      <RootProperty Name="Title" />
      <RootProperty Name="FontSize" />
      <RootProperty Name="Height" />
      <RootProperty Name="CornerRadius" />
      <RootProperty Name="BorderBrush" />
      <RootProperty Name="Items" />
      <RootProperty Name="Background" />
      <RootProperty Name="Margin" />
      <RootProperty Name="BorderThickness" />
    </RootType>
    <RootType FullName="Windows.UI.Xaml.Controls.MenuFlyoutItem">
      <RootProperty Name="Text" />
      <RootProperty Name="Width" />
      <RootProperty Name="Icon" />
      <RootEvent Name="Click" />
    </RootType>
    <RootType FullName="Windows.UI.Xaml.Controls.MenuFlyoutSubItem">
      <RootProperty Name="Text" />
      <RootProperty Name="Icon" />
      <RootProperty Name="Items" />
    </RootType>
    <RootType FullName="Windows.UI.Xaml.Controls.MenuFlyoutSeparator" />
    <RootType FullName="Windows.UI.Xaml.Controls.SymbolIcon">
      <RootProperty Name="Symbol" />
    </RootType>
    <RootType FullName="Windows.UI.Xaml.Controls.StackPanel">
      <RootProperty Name="Orientation" />
      <RootProperty Name="Children" />
    </RootType>
    <RootType FullName="Windows.UI.Xaml.Controls.Image">
      <RootProperty Name="HorizontalAlignment" />
      <RootProperty Name="VerticalAlignment" />
      <RootProperty Name="Source" />
      <RootProperty Name="Width" />
      <RootProperty Name="Margin" />
      <RootProperty Name="Height" />
    </RootType>
    <RootType FullName="Windows.UI.Xaml.Controls.Frame">
      <RootProperty Name="Content" />
    </RootType>
    <RootType FullName="Microsoft.Xaml.DirectUI.ProxyTypes.NullExtension" />
    <RootType FullName="Windows.UI.Xaml.Media.LinearGradientBrush">
      <RootProperty Name="EndPoint" />
      <RootProperty Name="MappingMode" />
      <RootProperty Name="RelativeTransform" />
      <RootProperty Name="GradientStops" />
    </RootType>
    <RootType FullName="Windows.UI.Xaml.Media.ScaleTransform">
      <RootProperty Name="CenterY" />
      <RootProperty Name="ScaleY" />
    </RootType>
    <RootType FullName="Windows.UI.Xaml.Media.GradientStop">
      <RootProperty Name="Color" />
      <RootProperty Name="Offset" />
    </RootType>
    <RootType FullName="WIn11.MainPage" />
  </Roots.RootTypes>
</Roots>
