﻿<?xml version="1.0" encoding="utf-8"?>
<resources targetOsVersion="10.0.0" majorVersion="1">
  <index root="\" startIndexAt="obj\ARM\Debug\filtered.layout.resfiles">
    <default>
      <qualifier name="Language" value="it-IT" />
      <qualifier name="Contrast" value="standard" />
      <qualifier name="Scale" value="200" />
      <qualifier name="HomeRegion" value="001" />
      <qualifier name="TargetSize" value="256" />
      <qualifier name="LayoutDirection" value="LTR" />
      <qualifier name="DXFeatureLevel" value="DX9" />
      <qualifier name="Configuration" value="" />
      <qualifier name="AlternateForm" value="" />
      <qualifier name="Platform" value="UAP" />
    </default>
    <indexer-config type="RESFILES" qualifierDelimiter="." />
  </index>
  <index root="\" startIndexAt="obj\ARM\Debug\resources.resfiles">
    <default>
      <qualifier name="Language" value="it-IT" />
      <qualifier name="Contrast" value="standard" />
      <qualifier name="Scale" value="200" />
      <qualifier name="HomeRegion" value="001" />
      <qualifier name="TargetSize" value="256" />
      <qualifier name="LayoutDirection" value="LTR" />
      <qualifier name="DXFeatureLevel" value="DX9" />
      <qualifier name="Configuration" value="" />
      <qualifier name="AlternateForm" value="" />
      <qualifier name="Platform" value="UAP" />
    </default>
    <indexer-config type="RESW" convertDotsToSlashes="true" />
    <indexer-config type="RESJSON" />
    <indexer-config type="RESFILES" qualifierDelimiter="." />
  </index>
  <index root="\" startIndexAt="obj\ARM\Debug\pri.resfiles">
    <default>
      <qualifier name="Language" value="it-IT" />
      <qualifier name="Contrast" value="standard" />
      <qualifier name="Scale" value="200" />
      <qualifier name="HomeRegion" value="001" />
      <qualifier name="TargetSize" value="256" />
      <qualifier name="LayoutDirection" value="LTR" />
      <qualifier name="DXFeatureLevel" value="DX9" />
      <qualifier name="Configuration" value="" />
      <qualifier name="AlternateForm" value="" />
      <qualifier name="Platform" value="UAP" />
    </default>
    <indexer-config type="PRI" />
    <indexer-config type="RESFILES" qualifierDelimiter="." />
  </index>
  <index root="obj\ARM\Debug\embed" startIndexAt="embed.resfiles">
    <default>
      <qualifier name="Language" value="it-IT" />
      <qualifier name="Contrast" value="standard" />
      <qualifier name="Scale" value="200" />
      <qualifier name="HomeRegion" value="001" />
      <qualifier name="TargetSize" value="256" />
      <qualifier name="LayoutDirection" value="LTR" />
      <qualifier name="DXFeatureLevel" value="DX9" />
      <qualifier name="Configuration" value="" />
      <qualifier name="AlternateForm" value="" />
      <qualifier name="Platform" value="UAP" />
    </default>
    <indexer-config type="RESFILES" qualifierDelimiter="." />
    <indexer-config type="EMBEDFILES" />
  </index>
</resources>