<?xml version="1.0" encoding="UTF-8" standalone="yes"?>
<PriInfo>
	<ResourceMap name="35c52142-9b91-4581-8bf3-4418b913ff96" version="1.0" primary="true">
		<Qualifiers>
			<AlternateForm>LIGHTUNPLATED,UNPLATED</AlternateForm>
			<Scale>200</Scale>
			<TargetSize>256,16,24,32,48</TargetSize>
		</Qualifiers>
		<ResourceMapSubtree name="Files">
			<NamedResource name="App.xbf" uri="ms-resource://35c52142-9b91-4581-8bf3-4418b913ff96/Files/App.xbf">
				<Candidate type="EmbeddedData">
					<Base64Value>[Embedded Binary Data]</Base64Value>
				</Candidate>
			</NamedResource>
			<NamedResource name="MainPage.xbf" uri="ms-resource://35c52142-9b91-4581-8bf3-4418b913ff96/Files/MainPage.xbf">
				<Candidate type="EmbeddedData">
					<Base64Value>[Embedded Binary Data]</Base64Value>
				</Candidate>
			</NamedResource>
			<NamedResource name="Notes.xr.xml" uri="ms-resource://35c52142-9b91-4581-8bf3-4418b913ff96/Files/Notes.xr.xml">
				<Candidate type="Path">
					<Value>Notes.xr.xml</Value>
				</Candidate>
			</NamedResource>
			<ResourceMapSubtree name="Assets">
				<NamedResource name="LargeTile.png" uri="ms-resource://35c52142-9b91-4581-8bf3-4418b913ff96/Files/Assets/LargeTile.png">
					<Candidate qualifiers="Scale-200" isDefault="true" type="Path">
						<Value>Assets\LargeTile.scale-200.png</Value>
					</Candidate>
				</NamedResource>
				<NamedResource name="LockScreenLogo.png" uri="ms-resource://35c52142-9b91-4581-8bf3-4418b913ff96/Files/Assets/LockScreenLogo.png">
					<Candidate qualifiers="Scale-200" isDefault="true" type="Path">
						<Value>Assets\LockScreenLogo.scale-200.png</Value>
					</Candidate>
				</NamedResource>
				<NamedResource name="SmallTile.png" uri="ms-resource://35c52142-9b91-4581-8bf3-4418b913ff96/Files/Assets/SmallTile.png">
					<Candidate qualifiers="Scale-200" isDefault="true" type="Path">
						<Value>Assets\SmallTile.scale-200.png</Value>
					</Candidate>
				</NamedResource>
				<NamedResource name="SplashScreen.png" uri="ms-resource://35c52142-9b91-4581-8bf3-4418b913ff96/Files/Assets/SplashScreen.png">
					<Candidate qualifiers="Scale-200" isDefault="true" type="Path">
						<Value>Assets\SplashScreen.scale-200.png</Value>
					</Candidate>
				</NamedResource>
				<NamedResource name="Square150x150Logo.png" uri="ms-resource://35c52142-9b91-4581-8bf3-4418b913ff96/Files/Assets/Square150x150Logo.png">
					<Candidate qualifiers="Scale-200" isDefault="true" type="Path">
						<Value>Assets\Square150x150Logo.scale-200.png</Value>
					</Candidate>
				</NamedResource>
				<NamedResource name="Square44x44Logo.png" uri="ms-resource://35c52142-9b91-4581-8bf3-4418b913ff96/Files/Assets/Square44x44Logo.png">
					<Candidate qualifiers="TargetSize-48, AlternateForm-UNPLATED" type="Path">
						<Value>Assets\Square44x44Logo.altform-unplated_targetsize-48.png</Value>
					</Candidate>
					<Candidate qualifiers="TargetSize-48, AlternateForm-LIGHTUNPLATED" type="Path">
						<Value>Assets\Square44x44Logo.altform-lightunplated_targetsize-48.png</Value>
					</Candidate>
					<Candidate qualifiers="TargetSize-48" isDefault="true" type="Path">
						<Value>Assets\Square44x44Logo.targetsize-48.png</Value>
					</Candidate>
					<Candidate qualifiers="TargetSize-32, AlternateForm-UNPLATED" type="Path">
						<Value>Assets\Square44x44Logo.altform-unplated_targetsize-32.png</Value>
					</Candidate>
					<Candidate qualifiers="TargetSize-32, AlternateForm-LIGHTUNPLATED" type="Path">
						<Value>Assets\Square44x44Logo.altform-lightunplated_targetsize-32.png</Value>
					</Candidate>
					<Candidate qualifiers="TargetSize-32" isDefault="true" type="Path">
						<Value>Assets\Square44x44Logo.targetsize-32.png</Value>
					</Candidate>
					<Candidate qualifiers="TargetSize-256, AlternateForm-UNPLATED" type="Path">
						<Value>Assets\Square44x44Logo.altform-unplated_targetsize-256.png</Value>
					</Candidate>
					<Candidate qualifiers="TargetSize-256, AlternateForm-LIGHTUNPLATED" type="Path">
						<Value>Assets\Square44x44Logo.altform-lightunplated_targetsize-256.png</Value>
					</Candidate>
					<Candidate qualifiers="TargetSize-256" isDefault="true" type="Path">
						<Value>Assets\Square44x44Logo.targetsize-256.png</Value>
					</Candidate>
					<Candidate qualifiers="TargetSize-24, AlternateForm-UNPLATED" type="Path">
						<Value>Assets\Square44x44Logo.targetsize-24_altform-unplated.png</Value>
					</Candidate>
					<Candidate qualifiers="TargetSize-24, AlternateForm-LIGHTUNPLATED" type="Path">
						<Value>Assets\Square44x44Logo.altform-lightunplated_targetsize-24.png</Value>
					</Candidate>
					<Candidate qualifiers="TargetSize-24" isDefault="true" type="Path">
						<Value>Assets\Square44x44Logo.targetsize-24.png</Value>
					</Candidate>
					<Candidate qualifiers="TargetSize-16, AlternateForm-UNPLATED" type="Path">
						<Value>Assets\Square44x44Logo.altform-unplated_targetsize-16.png</Value>
					</Candidate>
					<Candidate qualifiers="TargetSize-16, AlternateForm-LIGHTUNPLATED" type="Path">
						<Value>Assets\Square44x44Logo.altform-lightunplated_targetsize-16.png</Value>
					</Candidate>
					<Candidate qualifiers="TargetSize-16" isDefault="true" type="Path">
						<Value>Assets\Square44x44Logo.targetsize-16.png</Value>
					</Candidate>
					<Candidate qualifiers="Scale-200" isDefault="true" type="Path">
						<Value>Assets\Square44x44Logo.scale-200.png</Value>
					</Candidate>
				</NamedResource>
				<NamedResource name="StoreLogo.png" uri="ms-resource://35c52142-9b91-4581-8bf3-4418b913ff96/Files/Assets/StoreLogo.png">
					<Candidate qualifiers="Scale-200" isDefault="true" type="Path">
						<Value>Assets\StoreLogo.scale-200.png</Value>
					</Candidate>
				</NamedResource>
				<NamedResource name="suss.png" uri="ms-resource://35c52142-9b91-4581-8bf3-4418b913ff96/Files/Assets/suss.png">
					<Candidate type="Path">
						<Value>Assets\suss.png</Value>
					</Candidate>
				</NamedResource>
				<NamedResource name="Wide310x150Logo.png" uri="ms-resource://35c52142-9b91-4581-8bf3-4418b913ff96/Files/Assets/Wide310x150Logo.png">
					<Candidate qualifiers="Scale-200" isDefault="true" type="Path">
						<Value>Assets\Wide310x150Logo.scale-200.png</Value>
					</Candidate>
				</NamedResource>
			</ResourceMapSubtree>
			<ResourceMapSubtree name="Microsoft.UI.Xaml">
				<ResourceMapSubtree name="DensityStyles">
					<NamedResource name="Compact.xbf" uri="ms-resource://35c52142-9b91-4581-8bf3-4418b913ff96/Files/Microsoft.UI.Xaml/DensityStyles/Compact.xbf">
						<Candidate type="EmbeddedData">
							<Base64Value>[Embedded Binary Data]</Base64Value>
						</Candidate>
					</NamedResource>
				</ResourceMapSubtree>
			</ResourceMapSubtree>
			<ResourceMapSubtree name="Properties">
				<NamedResource name="Default.rd.xml" uri="ms-resource://35c52142-9b91-4581-8bf3-4418b913ff96/Files/Properties/Default.rd.xml">
					<Candidate type="Path">
						<Value>Properties\Default.rd.xml</Value>
					</Candidate>
				</NamedResource>
			</ResourceMapSubtree>
			<ResourceMapSubtree name="WinMetadata">
				<NamedResource name="Windows.winmd" uri="ms-resource://35c52142-9b91-4581-8bf3-4418b913ff96/Files/WinMetadata/Windows.winmd">
					<Candidate type="Path">
						<Value>WinMetadata\Windows.winmd</Value>
					</Candidate>
				</NamedResource>
			</ResourceMapSubtree>
		</ResourceMapSubtree>
	</ResourceMap>
</PriInfo>